Protein_Name,AH#,AA,ddF,ddF_L24,ddF_adj,dF_sm,AH_name,AH,Median,Mean,ddF(absolute value),ddF_adj(absolute value),NEES_binned
Emc1,1,FLKRLSSQLILLQAWTSHLWKMFY,-14.936,-14.936,-17.726,-59.959,emc1,emc1,3.1645,3.33825,14.936,17.726,Strong Binding
Fitm2,1,TLVRAAVRRYL,-5.725,-15.249,-18.039,-61.236,fitm2,fitm2,0.7164999999999999,0.718,5.725,18.039,Strong Binding
mboat7,1,LADTLRYWAS,-4.561,-13.93,-13.93,-44.492,mboat7,mboat7,0.474,0.481090909090909,4.561,13.93,No Binding
KDSR,1,GLFRTIALFYLGSFDSIV,-12.19,-17.127,-17.127,-57.519,kdsr,kdsr,,,12.19,17.127,Strong Binding
vma21,1,LASTLKTLL,-6.205,-22.21,-23.14,-82.021,vma21,vma21,0.64,0.6518,6.205,23.14,Subtle Binding
EMC7,1,VSEFMTRLFS,-5.562,-16.987,-16.987,-56.949,emc7,emc7,0.8205,0.8141999999999999,5.562,16.987,Strong Binding
TMEM214,1,CASHLAWFGDSLTSLSQRLQ,-8.812,-10.908,-10.908,-32.18,tmem214,tmem214,1.411,1.3795178571428568,8.812,10.908,Strong Binding
TMEM126A,1,NILSYWIRTSKPVFRKMLFPILL,-12.39,-13.015,-16.735,-55.923,tmem126a,tmem126a,0.639,0.6467777777777778,12.39,16.735,Subtle Binding
Ggcx,1,EWPRKLVSYCPRRLQQLL,-10.595,-14.886,-17.676,-59.759,ggcx,ggcx,0.478,0.5110000000000001,10.595,17.676,No Binding
WFS1,1,FFIGDWMRCLY,-9.024,-24.035,-24.035,-85.669,wfs1,wfs1,0.5555000000000001,0.5543333333333332,9.024,24.035,Subtle Binding
TMEM245,1,FKSSLTRLGRHWLQRLHR,-8.762,-12.31,-16.96,-56.84,tmem245,tmem245,0.59,0.5800857142857142,8.762,16.96,Subtle Binding
NEMP1,2,IQLVFKNLQEIWRC,-8.014,-15.423,-16.353,-54.365,nemp1-2,nemp1-2,0.446,0.4408888888888889,8.014,16.353,No Binding
apmap,1,LDFLSERPWIKRMIFKL,-7.641,-11.513,-13.373,-42.222,apmap,apmap,0.484,0.4995714285714285,7.641,13.373,No Binding
Tor1aip2,1,SFLWQRGRKFLQK,-7.505,-15.916,-19.636,-67.744,tor1aip2,tor1aip2,0.444,0.4485333333333333,7.505,19.636,No Binding
TMEM109,1,DVLTQIGRSVRGTLDAWI,-7.264,-10.205,-10.205,-29.315,tmem109,tmem109,0.451,0.4544285714285714,7.264,10.205,No Binding
cybc1,1,RSDVEAIAKLITSFL,-6.484,-11.422,-11.422,-34.274,cybc1,cybc1,0.421,0.4206153846153846,6.484,11.422,No Binding
NDUFB5,1,HPISRWIARNFY,-6.285,-14.84,-16.7,-55.782,ndufb5,ndufb5,0.443,0.4390909090909091,6.285,16.7,No Binding
NEMP1,1,EHPIQWLYITCRKVCKG,-5.889,-8.873,-10.733,-31.466,nemp1,nemp1,0.488,0.4955,5.889,10.733,No Binding
TMEM192,1,NRGYNLIYRSTRHLKRL,-3.162,-4.764,-9.414,-26.09,tmem192,tmem192,0.4755,0.4682142857142857,3.162,9.414,No Binding
TMEM260,1,QADILGALKHLRKELQSLRNRK,-1.586,-1.754,-5.474,-10.036,tmem260,tmem260,0.444,0.457,1.586,5.474,No Binding
WFS1,2,WRSTVHGAVKFAFDFFFF,-12.145,-17.064,-17.994,-61.051,wfs1-2,wfs1-2,1.487,1.483,12.145,17.994,Strong Binding
Rnf170,1,IMERIMDLPTLLRHAFREVFSV,-11.831,-13.088,-13.088,-41.063,rnf170,rnf170,1.758,1.734862068965517,11.831,13.088,Strong Binding
Lemd3,1,FWCRFRRAFITVTHR,-10.044,-17.695,-21.415,-74.994,lemd3,lemd3,0.941,0.9942413793103448,10.044,21.415,Strong Binding
SCAI,1,RGLWEKCQEYLRKINRDIAQLLTH,-10.714,-10.714,-12.574,-38.966,scai,scai,1.09,1.0982380952380957,10.714,12.574,Strong Binding
PEDS1,1,FWRRLEDLIQGLT,-8.456,-17.933,-17.933,-60.803,peds1,peds1,0.669,0.6556190476190477,8.456,17.933,Subtle Binding
SGPP1,1,MSLRQRLAQLVGRLQ,-7.223,-12.724,-15.514,-50.948,sgpp1,sgpp1,0.5465,0.5558000000000001,7.223,15.514,Subtle Binding
tmem160,1,WWARAARLARLRFRRSL,-10.289,-15.503,-21.083,-73.639,tmem160,tmem160,0.487,0.4836470588235294,10.289,21.083,No Binding
fam210a,1,LYQRFKKTFR,-7.315,-22.341,-26.061,-93.927,fam210a,fam210a,0.437,0.4364166666666667,7.315,26.061,No Binding
mboat7,2,SLRPLLRRA,-5.67,-20.293,-23.083,-81.791,mboat7-2,mboat7-2,0.535,0.55505,5.67,23.083,Subtle Binding
Nup133,1,LPQGQGMLSGIGRKVSSLFGILS,-13.297,-13.968,-15.828,-52.227,nup133,nup133,0.597,0.5994736842105264,13.297,15.828,Subtle Binding
ArfGAP1,1,PQKKEDDFLNNAMSSLYSGWSSFTTGASRFASAAKEGATKFGSQASQKASELGHSLNENVLKPAQEKVKEGKIFDDVSSGVSQLASKVQGVGSKGWRDVTTFFSGKAEGPLDS,,,,,arfgap1,arfgap1,0.597,0.6087297297297297,,,Subtle Binding
Nup153,1,QHQGILSRVTESVKNIVPGWLQRYFNKN,,,,,nup153,nup153,1.561,1.6167647058823529,,,Strong Binding
Epsin1,1,TSSLRRQMKNIVH,-3.8,-8.058,-10.848,-31.933,epsin1,epsin1,0.966,0.987875,3.8,10.848,Strong Binding
Mdomain,1,HLQEQVDQVKKQVKDVEEQSKEFVQQVEEKSIDLIQKWEEKSREFIGSFLEMFG,,,,,mdomain,mdomain,0.4315,0.4448999999999999,,,No Binding
P2,1,VEEQSKEFVQQVEEKSIDLIQKWEEKSREFIGSFLEMFG,,,,,p2,p2,0.4505,0.4544999999999999,,,No Binding
